{
  "ABIRoot": {
    "kind": "Root",
    "name": "TopLevel",
    "printedName": "TopLevel",
    "children": [
      {
        "kind": "Import",
        "name": "Foundation",
        "printedName": "Foundation",
        "declKind": "Import",
        "moduleName": "MapsIndoors_GoogleMaps",
        "declAttributes": [
          "RawDocComment"
        ]
      },
      {
        "kind": "Import",
        "name": "GoogleMaps",
        "printedName": "GoogleMaps",
        "declKind": "Import",
        "moduleName": "MapsIndoors_GoogleMaps"
      },
      {
        "kind": "Import",
        "name": "MapsIndoorsCore",
        "printedName": "MapsIndoorsCore",
        "declKind": "Import",
        "moduleName": "MapsIndoors_GoogleMaps"
      },
      {
        "kind": "Import",
        "name": "Foundation",
        "printedName": "Foundation",
        "declKind": "Import",
        "moduleName": "MapsIndoors_GoogleMaps",
        "declAttributes": [
          "RawDocComment"
        ]
      },
      {
        "kind": "Import",
        "name": "GoogleMaps",
        "printedName": "GoogleMaps",
        "declKind": "Import",
        "moduleName": "MapsIndoors_GoogleMaps"
      },
      {
        "kind": "Import",
        "name": "MapsIndoorsCore",
        "printedName": "MapsIndoorsCore",
        "declKind": "Import",
        "moduleName": "MapsIndoors_GoogleMaps"
      },
      {
        "kind": "Import",
        "name": "Foundation",
        "printedName": "Foundation",
        "declKind": "Import",
        "moduleName": "MapsIndoors_GoogleMaps",
        "declAttributes": [
          "RawDocComment"
        ]
      },
      {
        "kind": "Import",
        "name": "GoogleMaps",
        "printedName": "GoogleMaps",
        "declKind": "Import",
        "moduleName": "MapsIndoors_GoogleMaps"
      },
      {
        "kind": "Import",
        "name": "MapsIndoorsCore",
        "printedName": "MapsIndoorsCore",
        "declKind": "Import",
        "moduleName": "MapsIndoors_GoogleMaps"
      },
      {
        "kind": "Import",
        "name": "Foundation",
        "printedName": "Foundation",
        "declKind": "Import",
        "moduleName": "MapsIndoors_GoogleMaps",
        "declAttributes": [
          "RawDocComment"
        ]
      },
      {
        "kind": "Import",
        "name": "GoogleMaps",
        "printedName": "GoogleMaps",
        "declKind": "Import",
        "moduleName": "MapsIndoors_GoogleMaps"
      },
      {
        "kind": "Import",
        "name": "MapsIndoorsCore",
        "printedName": "MapsIndoorsCore",
        "declKind": "Import",
        "moduleName": "MapsIndoors_GoogleMaps"
      },
      {
        "kind": "Import",
        "name": "Foundation",
        "printedName": "Foundation",
        "declKind": "Import",
        "moduleName": "MapsIndoors_GoogleMaps",
        "declAttributes": [
          "RawDocComment"
        ]
      },
      {
        "kind": "Import",
        "name": "MapsIndoorsCore",
        "printedName": "MapsIndoorsCore",
        "declKind": "Import",
        "moduleName": "MapsIndoors_GoogleMaps"
      },
      {
        "kind": "Import",
        "name": "GoogleMaps",
        "printedName": "GoogleMaps",
        "declKind": "Import",
        "moduleName": "MapsIndoors_GoogleMaps"
      },
      {
        "kind": "Import",
        "name": "Foundation",
        "printedName": "Foundation",
        "declKind": "Import",
        "moduleName": "MapsIndoors_GoogleMaps",
        "declAttributes": [
          "RawDocComment"
        ]
      },
      {
        "kind": "Import",
        "name": "GameplayKit",
        "printedName": "GameplayKit",
        "declKind": "Import",
        "moduleName": "MapsIndoors_GoogleMaps"
      },
      {
        "kind": "Import",
        "name": "MapsIndoorsCore",
        "printedName": "MapsIndoorsCore",
        "declKind": "Import",
        "moduleName": "MapsIndoors_GoogleMaps"
      },
      {
        "kind": "Import",
        "name": "GoogleMaps",
        "printedName": "GoogleMaps",
        "declKind": "Import",
        "moduleName": "MapsIndoors_GoogleMaps"
      },
      {
        "kind": "Import",
        "name": "Foundation",
        "printedName": "Foundation",
        "declKind": "Import",
        "moduleName": "MapsIndoors_GoogleMaps",
        "declAttributes": [
          "RawDocComment"
        ]
      },
      {
        "kind": "Import",
        "name": "MapsIndoorsCore",
        "printedName": "MapsIndoorsCore",
        "declKind": "Import",
        "moduleName": "MapsIndoors_GoogleMaps"
      },
      {
        "kind": "Import",
        "name": "GoogleMaps",
        "printedName": "GoogleMaps",
        "declKind": "Import",
        "moduleName": "MapsIndoors_GoogleMaps"
      },
      {
        "kind": "TypeDecl",
        "name": "GMMapConfig",
        "printedName": "GMMapConfig",
        "children": [
          {
            "kind": "Var",
            "name": "mapProvider",
            "printedName": "mapProvider",
            "children": [
              {
                "kind": "TypeNominal",
                "name": "MPMapProvider",
                "printedName": "MapsIndoorsCore.MPMapProvider",
                "usr": "c:@M@MapsIndoorsCore@objc(pl)MPMapProvider"
              }
            ],
            "declKind": "Var",
            "usr": "c:@M@MapsIndoors_GoogleMaps@objc(cs)GMMapConfig(py)mapProvider",
            "mangledName": "$s018MapsIndoors_GoogleA011GMMapConfigC11mapProvider0aB4Core05MPMapG0_pvp",
            "moduleName": "MapsIndoors_GoogleMaps",
            "objc_name": "mapProvider",
            "declAttributes": [
              "ObjC",
              "HasStorage",
              "AccessControl"
            ],
            "hasStorage": true,
            "accessors": [
              {
                "kind": "Accessor",
                "name": "Get",
                "printedName": "Get()",
                "children": [
                  {
                    "kind": "TypeNominal",
                    "name": "MPMapProvider",
                    "printedName": "MapsIndoorsCore.MPMapProvider",
                    "usr": "c:@M@MapsIndoorsCore@objc(pl)MPMapProvider"
                  }
                ],
                "declKind": "Accessor",
                "usr": "c:@M@MapsIndoors_GoogleMaps@objc(cs)GMMapConfig(im)mapProvider",
                "mangledName": "$s018MapsIndoors_GoogleA011GMMapConfigC11mapProvider0aB4Core05MPMapG0_pvg",
                "moduleName": "MapsIndoors_GoogleMaps",
                "implicit": true,
                "objc_name": "mapProvider",
                "declAttributes": [
                  "ObjC"
                ],
                "accessorKind": "get"
              },
              {
                "kind": "Accessor",
                "name": "Set",
                "printedName": "Set()",
                "children": [
                  {
                    "kind": "TypeNominal",
                    "name": "Void",
                    "printedName": "()"
                  },
                  {
                    "kind": "TypeNominal",
                    "name": "MPMapProvider",
                    "printedName": "MapsIndoorsCore.MPMapProvider",
                    "usr": "c:@M@MapsIndoorsCore@objc(pl)MPMapProvider"
                  }
                ],
                "declKind": "Accessor",
                "usr": "c:@M@MapsIndoors_GoogleMaps@objc(cs)GMMapConfig(im)setMapProvider:",
                "mangledName": "$s018MapsIndoors_GoogleA011GMMapConfigC11mapProvider0aB4Core05MPMapG0_pvs",
                "moduleName": "MapsIndoors_GoogleMaps",
                "implicit": true,
                "declAttributes": [
                  "ObjC"
                ],
                "accessorKind": "set"
              },
              {
                "kind": "Accessor",
                "name": "Modify",
                "printedName": "Modify()",
                "children": [
                  {
                    "kind": "TypeNominal",
                    "name": "Void",
                    "printedName": "()"
                  }
                ],
                "declKind": "Accessor",
                "usr": "s:018MapsIndoors_GoogleA011GMMapConfigC11mapProvider0aB4Core05MPMapG0_pvM",
                "mangledName": "$s018MapsIndoors_GoogleA011GMMapConfigC11mapProvider0aB4Core05MPMapG0_pvM",
                "moduleName": "MapsIndoors_GoogleMaps",
                "implicit": true,
                "accessorKind": "_modify"
              }
            ]
          },
          {
            "kind": "Constructor",
            "name": "init",
            "printedName": "init(googleMapView:googleApiKey:)",
            "children": [
              {
                "kind": "TypeNominal",
                "name": "GMMapConfig",
                "printedName": "MapsIndoors_GoogleMaps.GMMapConfig",
                "usr": "c:@M@MapsIndoors_GoogleMaps@objc(cs)GMMapConfig"
              },
              {
                "kind": "TypeNominal",
                "name": "GMSMapView",
                "printedName": "GoogleMaps.GMSMapView",
                "usr": "c:objc(cs)GMSMapView"
              },
              {
                "kind": "TypeNominal",
                "name": "String",
                "printedName": "Swift.String",
                "usr": "s:SS"
              }
            ],
            "declKind": "Constructor",
            "usr": "c:@M@MapsIndoors_GoogleMaps@objc(cs)GMMapConfig(im)initWithGoogleMapView:googleApiKey:",
            "mangledName": "$s018MapsIndoors_GoogleA011GMMapConfigC13googleMapView0F6ApiKeyACSo06GMSMapH0C_SStcfc",
            "moduleName": "MapsIndoors_GoogleMaps",
            "declAttributes": [
              "AccessControl",
              "ObjC"
            ],
            "init_kind": "Designated"
          },
          {
            "kind": "Function",
            "name": "temporaryMapView",
            "printedName": "temporaryMapView()",
            "children": [
              {
                "kind": "TypeNominal",
                "name": "GMSMapView",
                "printedName": "GoogleMaps.GMSMapView",
                "usr": "c:objc(cs)GMSMapView"
              }
            ],
            "declKind": "Func",
            "usr": "c:@M@MapsIndoors_GoogleMaps@objc(cs)GMMapConfig(im)temporaryMapView",
            "mangledName": "$s018MapsIndoors_GoogleA011GMMapConfigC16temporaryMapViewSo06GMSMapH0CyF",
            "moduleName": "MapsIndoors_GoogleMaps",
            "declAttributes": [
              "AccessControl",
              "ObjC"
            ],
            "funcSelfKind": "NonMutating"
          },
          {
            "kind": "Constructor",
            "name": "init",
            "printedName": "init()",
            "children": [
              {
                "kind": "TypeNominal",
                "name": "GMMapConfig",
                "printedName": "MapsIndoors_GoogleMaps.GMMapConfig",
                "usr": "c:@M@MapsIndoors_GoogleMaps@objc(cs)GMMapConfig"
              }
            ],
            "declKind": "Constructor",
            "usr": "c:@M@MapsIndoors_GoogleMaps@objc(cs)GMMapConfig(im)init",
            "mangledName": "$s018MapsIndoors_GoogleA011GMMapConfigCACycfc",
            "moduleName": "MapsIndoors_GoogleMaps",
            "overriding": true,
            "implicit": true,
            "objc_name": "init",
            "declAttributes": [
              "Dynamic",
              "ObjC",
              "Override"
            ],
            "init_kind": "Designated"
          }
        ],
        "declKind": "Class",
        "usr": "c:@M@MapsIndoors_GoogleMaps@objc(cs)GMMapConfig",
        "mangledName": "$s018MapsIndoors_GoogleA011GMMapConfigC",
        "moduleName": "MapsIndoors_GoogleMaps",
        "declAttributes": [
          "AccessControl",
          "ObjCMembers",
          "ObjC"
        ],
        "superclassUsr": "c:objc(cs)NSObject",
        "superclassNames": [
          "ObjectiveC.NSObject"
        ],
        "conformances": [
          {
            "kind": "Conformance",
            "name": "MPMapConfig",
            "printedName": "MPMapConfig",
            "usr": "c:@M@MapsIndoorsCore@objc(pl)MPMapConfig",
            "mangledName": "$s15MapsIndoorsCore11MPMapConfigP"
          },
          {
            "kind": "Conformance",
            "name": "Equatable",
            "printedName": "Equatable",
            "usr": "s:SQ",
            "mangledName": "$sSQ"
          },
          {
            "kind": "Conformance",
            "name": "Hashable",
            "printedName": "Hashable",
            "usr": "s:SH",
            "mangledName": "$sSH"
          },
          {
            "kind": "Conformance",
            "name": "CVarArg",
            "printedName": "CVarArg",
            "usr": "s:s7CVarArgP",
            "mangledName": "$ss7CVarArgP"
          },
          {
            "kind": "Conformance",
            "name": "_KeyValueCodingAndObservingPublishing",
            "printedName": "_KeyValueCodingAndObservingPublishing",
            "usr": "s:10Foundation37_KeyValueCodingAndObservingPublishingP",
            "mangledName": "$s10Foundation37_KeyValueCodingAndObservingPublishingP"
          },
          {
            "kind": "Conformance",
            "name": "_KeyValueCodingAndObserving",
            "printedName": "_KeyValueCodingAndObserving",
            "usr": "s:10Foundation27_KeyValueCodingAndObservingP",
            "mangledName": "$s10Foundation27_KeyValueCodingAndObservingP"
          },
          {
            "kind": "Conformance",
            "name": "CustomStringConvertible",
            "printedName": "CustomStringConvertible",
            "usr": "s:s23CustomStringConvertibleP",
            "mangledName": "$ss23CustomStringConvertibleP"
          },
          {
            "kind": "Conformance",
            "name": "CustomDebugStringConvertible",
            "printedName": "CustomDebugStringConvertible",
            "usr": "s:s28CustomDebugStringConvertibleP",
            "mangledName": "$ss28CustomDebugStringConvertibleP"
          }
        ]
      },
      {
        "kind": "Import",
        "name": "Foundation",
        "printedName": "Foundation",
        "declKind": "Import",
        "moduleName": "MapsIndoors_GoogleMaps"
      },
      {
        "kind": "Import",
        "name": "CommonCrypto",
        "printedName": "CommonCrypto",
        "declKind": "Import",
        "moduleName": "MapsIndoors_GoogleMaps"
      },
      {
        "kind": "Import",
        "name": "GoogleMaps",
        "printedName": "GoogleMaps",
        "declKind": "Import",
        "moduleName": "MapsIndoors_GoogleMaps"
      },
      {
        "kind": "Import",
        "name": "MapsIndoorsCore",
        "printedName": "MapsIndoorsCore",
        "declKind": "Import",
        "moduleName": "MapsIndoors_GoogleMaps"
      },
      {
        "kind": "Import",
        "name": "UIKit",
        "printedName": "UIKit",
        "declKind": "Import",
        "moduleName": "MapsIndoors_GoogleMaps"
      },
      {
        "kind": "Import",
        "name": "Foundation",
        "printedName": "Foundation",
        "declKind": "Import",
        "moduleName": "MapsIndoors_GoogleMaps",
        "declAttributes": [
          "RawDocComment"
        ]
      },
      {
        "kind": "Import",
        "name": "GoogleMaps",
        "printedName": "GoogleMaps",
        "declKind": "Import",
        "moduleName": "MapsIndoors_GoogleMaps"
      },
      {
        "kind": "Import",
        "name": "MapsIndoorsCore",
        "printedName": "MapsIndoorsCore",
        "declKind": "Import",
        "moduleName": "MapsIndoors_GoogleMaps"
      },
      {
        "kind": "Import",
        "name": "Foundation",
        "printedName": "Foundation",
        "declKind": "Import",
        "moduleName": "MapsIndoors_GoogleMaps"
      },
      {
        "kind": "Import",
        "name": "MapsIndoorsCore",
        "printedName": "MapsIndoorsCore",
        "declKind": "Import",
        "moduleName": "MapsIndoors_GoogleMaps"
      },
      {
        "kind": "Import",
        "name": "GoogleMaps",
        "printedName": "GoogleMaps",
        "declKind": "Import",
        "moduleName": "MapsIndoors_GoogleMaps"
      },
      {
        "kind": "Import",
        "name": "Foundation",
        "printedName": "Foundation",
        "declKind": "Import",
        "moduleName": "MapsIndoors_GoogleMaps",
        "declAttributes": [
          "RawDocComment"
        ]
      },
      {
        "kind": "Import",
        "name": "UIKit",
        "printedName": "UIKit",
        "declKind": "Import",
        "moduleName": "MapsIndoors_GoogleMaps"
      },
      {
        "kind": "Import",
        "name": "GoogleMaps",
        "printedName": "GoogleMaps",
        "declKind": "Import",
        "moduleName": "MapsIndoors_GoogleMaps"
      },
      {
        "kind": "Import",
        "name": "MapsIndoorsCore",
        "printedName": "MapsIndoorsCore",
        "declKind": "Import",
        "moduleName": "MapsIndoors_GoogleMaps"
      },
      {
        "kind": "Import",
        "name": "MapsIndoorsCore_Private",
        "printedName": "MapsIndoorsCore_Private",
        "declKind": "Import",
        "moduleName": "MapsIndoors_GoogleMaps"
      },
      {
        "kind": "Import",
        "name": "Foundation",
        "printedName": "Foundation",
        "declKind": "Import",
        "moduleName": "MapsIndoors_GoogleMaps",
        "declAttributes": [
          "RawDocComment"
        ]
      },
      {
        "kind": "Import",
        "name": "GoogleMaps",
        "printedName": "GoogleMaps",
        "declKind": "Import",
        "moduleName": "MapsIndoors_GoogleMaps"
      },
      {
        "kind": "Import",
        "name": "MapsIndoorsCore",
        "printedName": "MapsIndoorsCore",
        "declKind": "Import",
        "moduleName": "MapsIndoors_GoogleMaps"
      },
      {
        "kind": "TypeDecl",
        "name": "LatLngBoundsConverter",
        "printedName": "LatLngBoundsConverter",
        "children": [
          {
            "kind": "Function",
            "name": "convertToMPBounds",
            "printedName": "convertToMPBounds(bounds:)",
            "children": [
              {
                "kind": "TypeNominal",
                "name": "CoreBounds",
                "printedName": "MapsIndoorsCore.CoreBounds",
                "usr": "c:@M@MapsIndoorsCore@objc(cs)CoreBounds"
              },
              {
                "kind": "TypeNominal",
                "name": "GMSCoordinateBounds",
                "printedName": "GoogleMapsBase.GMSCoordinateBounds",
                "usr": "c:objc(cs)GMSCoordinateBounds"
              }
            ],
            "declKind": "Func",
            "usr": "s:018MapsIndoors_GoogleA021LatLngBoundsConverterC17convertToMPBounds6bounds0aB4Core0lF0CSo013GMSCoordinateF0C_tFZ",
            "mangledName": "$s018MapsIndoors_GoogleA021LatLngBoundsConverterC17convertToMPBounds6bounds0aB4Core0lF0CSo013GMSCoordinateF0C_tFZ",
            "moduleName": "MapsIndoors_GoogleMaps",
            "static": true,
            "declAttributes": [
              "AccessControl"
            ],
            "funcSelfKind": "NonMutating"
          },
          {
            "kind": "Function",
            "name": "convertToGoogleBounds",
            "printedName": "convertToGoogleBounds(bounds:)",
            "children": [
              {
                "kind": "TypeNominal",
                "name": "GMSCoordinateBounds",
                "printedName": "GoogleMapsBase.GMSCoordinateBounds",
                "usr": "c:objc(cs)GMSCoordinateBounds"
              },
              {
                "kind": "TypeNominal",
                "name": "CoreBounds",
                "printedName": "MapsIndoorsCore.CoreBounds",
                "usr": "c:@M@MapsIndoorsCore@objc(cs)CoreBounds"
              }
            ],
            "declKind": "Func",
            "usr": "s:018MapsIndoors_GoogleA021LatLngBoundsConverterC09convertTocF06boundsSo013GMSCoordinateF0C0aB4Core0lF0C_tFZ",
            "mangledName": "$s018MapsIndoors_GoogleA021LatLngBoundsConverterC09convertTocF06boundsSo013GMSCoordinateF0C0aB4Core0lF0C_tFZ",
            "moduleName": "MapsIndoors_GoogleMaps",
            "static": true,
            "declAttributes": [
              "AccessControl"
            ],
            "funcSelfKind": "NonMutating"
          },
          {
            "kind": "Constructor",
            "name": "init",
            "printedName": "init()",
            "children": [
              {
                "kind": "TypeNominal",
                "name": "LatLngBoundsConverter",
                "printedName": "MapsIndoors_GoogleMaps.LatLngBoundsConverter",
                "usr": "c:@M@MapsIndoors_GoogleMaps@objc(cs)LatLngBoundsConverter"
              }
            ],
            "declKind": "Constructor",
            "usr": "c:@M@MapsIndoors_GoogleMaps@objc(cs)LatLngBoundsConverter(im)init",
            "mangledName": "$s018MapsIndoors_GoogleA021LatLngBoundsConverterCACycfc",
            "moduleName": "MapsIndoors_GoogleMaps",
            "overriding": true,
            "implicit": true,
            "objc_name": "init",
            "declAttributes": [
              "Dynamic",
              "ObjC",
              "Override"
            ],
            "init_kind": "Designated"
          }
        ],
        "declKind": "Class",
        "usr": "c:@M@MapsIndoors_GoogleMaps@objc(cs)LatLngBoundsConverter",
        "mangledName": "$s018MapsIndoors_GoogleA021LatLngBoundsConverterC",
        "moduleName": "MapsIndoors_GoogleMaps",
        "declAttributes": [
          "AccessControl",
          "ObjC"
        ],
        "superclassUsr": "c:objc(cs)NSObject",
        "inheritsConvenienceInitializers": true,
        "superclassNames": [
          "ObjectiveC.NSObject"
        ],
        "conformances": [
          {
            "kind": "Conformance",
            "name": "Equatable",
            "printedName": "Equatable",
            "usr": "s:SQ",
            "mangledName": "$sSQ"
          },
          {
            "kind": "Conformance",
            "name": "Hashable",
            "printedName": "Hashable",
            "usr": "s:SH",
            "mangledName": "$sSH"
          },
          {
            "kind": "Conformance",
            "name": "CVarArg",
            "printedName": "CVarArg",
            "usr": "s:s7CVarArgP",
            "mangledName": "$ss7CVarArgP"
          },
          {
            "kind": "Conformance",
            "name": "_KeyValueCodingAndObservingPublishing",
            "printedName": "_KeyValueCodingAndObservingPublishing",
            "usr": "s:10Foundation37_KeyValueCodingAndObservingPublishingP",
            "mangledName": "$s10Foundation37_KeyValueCodingAndObservingPublishingP"
          },
          {
            "kind": "Conformance",
            "name": "_KeyValueCodingAndObserving",
            "printedName": "_KeyValueCodingAndObserving",
            "usr": "s:10Foundation27_KeyValueCodingAndObservingP",
            "mangledName": "$s10Foundation27_KeyValueCodingAndObservingP"
          },
          {
            "kind": "Conformance",
            "name": "CustomStringConvertible",
            "printedName": "CustomStringConvertible",
            "usr": "s:s23CustomStringConvertibleP",
            "mangledName": "$ss23CustomStringConvertibleP"
          },
          {
            "kind": "Conformance",
            "name": "CustomDebugStringConvertible",
            "printedName": "CustomDebugStringConvertible",
            "usr": "s:s28CustomDebugStringConvertibleP",
            "mangledName": "$ss28CustomDebugStringConvertibleP"
          }
        ]
      },
      {
        "kind": "Import",
        "name": "Foundation",
        "printedName": "Foundation",
        "declKind": "Import",
        "moduleName": "MapsIndoors_GoogleMaps",
        "declAttributes": [
          "RawDocComment"
        ]
      },
      {
        "kind": "Import",
        "name": "GoogleMaps",
        "printedName": "GoogleMaps",
        "declKind": "Import",
        "moduleName": "MapsIndoors_GoogleMaps"
      },
      {
        "kind": "Import",
        "name": "MapsIndoorsCore",
        "printedName": "MapsIndoorsCore",
        "declKind": "Import",
        "moduleName": "MapsIndoors_GoogleMaps"
      },
      {
        "kind": "Import",
        "name": "Foundation",
        "printedName": "Foundation",
        "declKind": "Import",
        "moduleName": "MapsIndoors_GoogleMaps",
        "declAttributes": [
          "RawDocComment"
        ]
      },
      {
        "kind": "Import",
        "name": "GoogleMaps",
        "printedName": "GoogleMaps",
        "declKind": "Import",
        "moduleName": "MapsIndoors_GoogleMaps"
      },
      {
        "kind": "Import",
        "name": "MapsIndoorsCore",
        "printedName": "MapsIndoorsCore",
        "declKind": "Import",
        "moduleName": "MapsIndoors_GoogleMaps"
      },
      {
        "kind": "Import",
        "name": "MapsIndoorsCore_Private",
        "printedName": "MapsIndoorsCore_Private",
        "declKind": "Import",
        "moduleName": "MapsIndoors_GoogleMaps"
      },
      {
        "kind": "Import",
        "name": "Foundation",
        "printedName": "Foundation",
        "declKind": "Import",
        "moduleName": "MapsIndoors_GoogleMaps",
        "declAttributes": [
          "RawDocComment"
        ]
      },
      {
        "kind": "Import",
        "name": "GoogleMaps",
        "printedName": "GoogleMaps",
        "declKind": "Import",
        "moduleName": "MapsIndoors_GoogleMaps"
      },
      {
        "kind": "Import",
        "name": "MapsIndoorsCore",
        "printedName": "MapsIndoorsCore",
        "declKind": "Import",
        "moduleName": "MapsIndoors_GoogleMaps"
      },
      {
        "kind": "Import",
        "name": "MapsIndoors_GoogleMaps_Private",
        "printedName": "MapsIndoors_GoogleMaps_Private",
        "declKind": "Import",
        "moduleName": "MapsIndoors_GoogleMaps"
      },
      {
        "kind": "TypeDecl",
        "name": "GoogleMapProvider",
        "printedName": "GoogleMapProvider",
        "children": [
          {
            "kind": "Function",
            "name": "showInfoWindow",
            "printedName": "showInfoWindow(_:locationID:)",
            "children": [
              {
                "kind": "TypeNominal",
                "name": "Void",
                "printedName": "()"
              },
              {
                "kind": "TypeNominal",
                "name": "Bool",
                "printedName": "Swift.Bool",
                "usr": "s:Sb"
              },
              {
                "kind": "TypeNominal",
                "name": "String",
                "printedName": "Swift.String",
                "usr": "s:SS"
              }
            ],
            "declKind": "Func",
            "usr": "c:@M@MapsIndoors_GoogleMaps@objc(cs)GoogleMapProvider(im)showInfoWindow:locationID:",
            "mangledName": "$s018MapsIndoors_GoogleA00C11MapProviderC14showInfoWindow_10locationIDySb_SStF",
            "moduleName": "MapsIndoors_GoogleMaps",
            "objc_name": "showInfoWindow:locationID:",
            "declAttributes": [
              "ObjC",
              "AccessControl"
            ],
            "funcSelfKind": "NonMutating"
          },
          {
            "kind": "Function",
            "name": "reloadTilesForFloorChange",
            "printedName": "reloadTilesForFloorChange()",
            "children": [
              {
                "kind": "TypeNominal",
                "name": "Void",
                "printedName": "()"
              }
            ],
            "declKind": "Func",
            "usr": "c:@M@MapsIndoors_GoogleMaps@objc(cs)GoogleMapProvider(im)reloadTilesForFloorChange",
            "mangledName": "$s018MapsIndoors_GoogleA00C11MapProviderC25reloadTilesForFloorChangeyyF",
            "moduleName": "MapsIndoors_GoogleMaps",
            "objc_name": "reloadTilesForFloorChange",
            "declAttributes": [
              "ObjC",
              "AccessControl"
            ],
            "funcSelfKind": "NonMutating"
          },
          {
            "kind": "Var",
            "name": "cameraOperator",
            "printedName": "cameraOperator",
            "children": [
              {
                "kind": "TypeNominal",
                "name": "MPCameraOperator",
                "printedName": "MapsIndoorsCore.MPCameraOperator",
                "usr": "c:@M@MapsIndoorsCore@objc(pl)MPCameraOperator"
              }
            ],
            "declKind": "Var",
            "usr": "c:@M@MapsIndoors_GoogleMaps@objc(cs)GoogleMapProvider(py)cameraOperator",
            "mangledName": "$s018MapsIndoors_GoogleA00C11MapProviderC14cameraOperator0aB4Core08MPCameraG0_pvp",
            "moduleName": "MapsIndoors_GoogleMaps",
            "objc_name": "cameraOperator",
            "declAttributes": [
              "ObjC",
              "AccessControl"
            ],
            "accessors": [
              {
                "kind": "Accessor",
                "name": "Get",
                "printedName": "Get()",
                "children": [
                  {
                    "kind": "TypeNominal",
                    "name": "MPCameraOperator",
                    "printedName": "MapsIndoorsCore.MPCameraOperator",
                    "usr": "c:@M@MapsIndoorsCore@objc(pl)MPCameraOperator"
                  }
                ],
                "declKind": "Accessor",
                "usr": "c:@M@MapsIndoors_GoogleMaps@objc(cs)GoogleMapProvider(im)cameraOperator",
                "mangledName": "$s018MapsIndoors_GoogleA00C11MapProviderC14cameraOperator0aB4Core08MPCameraG0_pvg",
                "moduleName": "MapsIndoors_GoogleMaps",
                "objc_name": "cameraOperator",
                "declAttributes": [
                  "ObjC"
                ],
                "accessorKind": "get"
              }
            ]
          },
          {
            "kind": "Var",
            "name": "routeRenderer",
            "printedName": "routeRenderer",
            "children": [
              {
                "kind": "TypeNominal",
                "name": "MPRouteRenderer",
                "printedName": "MapsIndoorsCore.MPRouteRenderer",
                "usr": "c:@M@MapsIndoorsCore@objc(pl)MPRouteRenderer"
              }
            ],
            "declKind": "Var",
            "usr": "c:@M@MapsIndoors_GoogleMaps@objc(cs)GoogleMapProvider(py)routeRenderer",
            "mangledName": "$s018MapsIndoors_GoogleA00C11MapProviderC13routeRenderer0aB4Core07MPRouteG0_pvp",
            "moduleName": "MapsIndoors_GoogleMaps",
            "objc_name": "routeRenderer",
            "declAttributes": [
              "ObjC",
              "AccessControl"
            ],
            "accessors": [
              {
                "kind": "Accessor",
                "name": "Get",
                "printedName": "Get()",
                "children": [
                  {
                    "kind": "TypeNominal",
                    "name": "MPRouteRenderer",
                    "printedName": "MapsIndoorsCore.MPRouteRenderer",
                    "usr": "c:@M@MapsIndoorsCore@objc(pl)MPRouteRenderer"
                  }
                ],
                "declKind": "Accessor",
                "usr": "c:@M@MapsIndoors_GoogleMaps@objc(cs)GoogleMapProvider(im)routeRenderer",
                "mangledName": "$s018MapsIndoors_GoogleA00C11MapProviderC13routeRenderer0aB4Core07MPRouteG0_pvg",
                "moduleName": "MapsIndoors_GoogleMaps",
                "objc_name": "routeRenderer",
                "declAttributes": [
                  "ObjC"
                ],
                "accessorKind": "get"
              }
            ]
          },
          {
            "kind": "Function",
            "name": "setTileProvider",
            "printedName": "setTileProvider(tileProvider:)",
            "children": [
              {
                "kind": "TypeNominal",
                "name": "Void",
                "printedName": "()"
              },
              {
                "kind": "TypeNominal",
                "name": "MPTileProvider",
                "printedName": "MapsIndoorsCore.MPTileProvider",
                "usr": "c:@M@MapsIndoorsCore@objc(pl)MPTileProvider"
              }
            ],
            "declKind": "Func",
            "usr": "c:@M@MapsIndoors_GoogleMaps@objc(cs)GoogleMapProvider(im)setTileProviderWithTileProvider:",
            "mangledName": "$s018MapsIndoors_GoogleA00C11MapProviderC07setTileE004tileE0y0aB4Core06MPTileE0_p_tF",
            "moduleName": "MapsIndoors_GoogleMaps",
            "objc_name": "setTileProviderWithTileProvider:",
            "declAttributes": [
              "ObjC",
              "AccessControl"
            ],
            "funcSelfKind": "NonMutating"
          },
          {
            "kind": "Var",
            "name": "tileLayerClass",
            "printedName": "tileLayerClass",
            "children": [
              {
                "kind": "TypeNominal",
                "name": "MPTileLayerClass",
                "printedName": "MapsIndoorsCore.MPTileLayerClass",
                "usr": "c:@M@MapsIndoorsCore@objc(pl)MPTileLayerClass"
              }
            ],
            "declKind": "Var",
            "usr": "c:@M@MapsIndoors_GoogleMaps@objc(cs)GoogleMapProvider(py)tileLayerClass",
            "mangledName": "$s018MapsIndoors_GoogleA00C11MapProviderC14tileLayerClass0aB4Core06MPTilegH0_pvp",
            "moduleName": "MapsIndoors_GoogleMaps",
            "objc_name": "tileLayerClass",
            "declAttributes": [
              "ObjC",
              "AccessControl"
            ],
            "accessors": [
              {
                "kind": "Accessor",
                "name": "Get",
                "printedName": "Get()",
                "children": [
                  {
                    "kind": "TypeNominal",
                    "name": "MPTileLayerClass",
                    "printedName": "MapsIndoorsCore.MPTileLayerClass",
                    "usr": "c:@M@MapsIndoorsCore@objc(pl)MPTileLayerClass"
                  }
                ],
                "declKind": "Accessor",
                "usr": "c:@M@MapsIndoors_GoogleMaps@objc(cs)GoogleMapProvider(im)tileLayerClass",
                "mangledName": "$s018MapsIndoors_GoogleA00C11MapProviderC14tileLayerClass0aB4Core06MPTilegH0_pvg",
                "moduleName": "MapsIndoors_GoogleMaps",
                "objc_name": "tileLayerClass",
                "declAttributes": [
                  "ObjC"
                ],
                "accessorKind": "get"
              }
            ]
          },
          {
            "kind": "Var",
            "name": "delegate",
            "printedName": "delegate",
            "children": [
              {
                "kind": "TypeNominal",
                "name": "Optional",
                "printedName": "MapsIndoorsCore.MPMapProviderDelegate?",
                "children": [
                  {
                    "kind": "TypeNominal",
                    "name": "MPMapProviderDelegate",
                    "printedName": "MapsIndoorsCore.MPMapProviderDelegate",
                    "usr": "c:@M@MapsIndoorsCore@objc(pl)MPMapProviderDelegate"
                  }
                ],
                "usr": "s:Sq"
              }
            ],
            "declKind": "Var",
            "usr": "c:@M@MapsIndoors_GoogleMaps@objc(cs)GoogleMapProvider(py)delegate",
            "mangledName": "$s018MapsIndoors_GoogleA00C11MapProviderC8delegate0aB4Core05MPMapE8Delegate_pSgvp",
            "moduleName": "MapsIndoors_GoogleMaps",
            "objc_name": "delegate",
            "declAttributes": [
              "ObjC",
              "AccessControl"
            ],
            "accessors": [
              {
                "kind": "Accessor",
                "name": "Get",
                "printedName": "Get()",
                "children": [
                  {
                    "kind": "TypeNominal",
                    "name": "Optional",
                    "printedName": "MapsIndoorsCore.MPMapProviderDelegate?",
                    "children": [
                      {
                        "kind": "TypeNominal",
                        "name": "MPMapProviderDelegate",
                        "printedName": "MapsIndoorsCore.MPMapProviderDelegate",
                        "usr": "c:@M@MapsIndoorsCore@objc(pl)MPMapProviderDelegate"
                      }
                    ],
                    "usr": "s:Sq"
                  }
                ],
                "declKind": "Accessor",
                "usr": "c:@M@MapsIndoors_GoogleMaps@objc(cs)GoogleMapProvider(im)delegate",
                "mangledName": "$s018MapsIndoors_GoogleA00C11MapProviderC8delegate0aB4Core05MPMapE8Delegate_pSgvg",
                "moduleName": "MapsIndoors_GoogleMaps",
                "objc_name": "delegate",
                "declAttributes": [
                  "ObjC"
                ],
                "accessorKind": "get"
              },
              {
                "kind": "Accessor",
                "name": "Set",
                "printedName": "Set()",
                "children": [
                  {
                    "kind": "TypeNominal",
                    "name": "Void",
                    "printedName": "()"
                  },
                  {
                    "kind": "TypeNominal",
                    "name": "Optional",
                    "printedName": "MapsIndoorsCore.MPMapProviderDelegate?",
                    "children": [
                      {
                        "kind": "TypeNominal",
                        "name": "MPMapProviderDelegate",
                        "printedName": "MapsIndoorsCore.MPMapProviderDelegate",
                        "usr": "c:@M@MapsIndoorsCore@objc(pl)MPMapProviderDelegate"
                      }
                    ],
                    "usr": "s:Sq"
                  }
                ],
                "declKind": "Accessor",
                "usr": "c:@M@MapsIndoors_GoogleMaps@objc(cs)GoogleMapProvider(im)setDelegate:",
                "mangledName": "$s018MapsIndoors_GoogleA00C11MapProviderC8delegate0aB4Core05MPMapE8Delegate_pSgvs",
                "moduleName": "MapsIndoors_GoogleMaps",
                "objc_name": "setDelegate:",
                "declAttributes": [
                  "ObjC"
                ],
                "accessorKind": "set"
              },
              {
                "kind": "Accessor",
                "name": "Modify",
                "printedName": "Modify()",
                "children": [
                  {
                    "kind": "TypeNominal",
                    "name": "Void",
                    "printedName": "()"
                  }
                ],
                "declKind": "Accessor",
                "usr": "s:018MapsIndoors_GoogleA00C11MapProviderC8delegate0aB4Core05MPMapE8Delegate_pSgvM",
                "mangledName": "$s018MapsIndoors_GoogleA00C11MapProviderC8delegate0aB4Core05MPMapE8Delegate_pSgvM",
                "moduleName": "MapsIndoors_GoogleMaps",
                "implicit": true,
                "accessorKind": "_modify"
              }
            ]
          },
          {
            "kind": "Var",
            "name": "positionPresenter",
            "printedName": "positionPresenter",
            "children": [
              {
                "kind": "TypeNominal",
                "name": "MPPositionPresenter",
                "printedName": "MapsIndoorsCore.MPPositionPresenter",
                "usr": "c:@M@MapsIndoorsCore@objc(pl)MPPositionPresenter"
              }
            ],
            "declKind": "Var",
            "usr": "c:@M@MapsIndoors_GoogleMaps@objc(cs)GoogleMapProvider(py)positionPresenter",
            "mangledName": "$s018MapsIndoors_GoogleA00C11MapProviderC17positionPresenter0aB4Core010MPPositionG0_pvp",
            "moduleName": "MapsIndoors_GoogleMaps",
            "objc_name": "positionPresenter",
            "declAttributes": [
              "ObjC",
              "HasStorage",
              "AccessControl"
            ],
            "hasStorage": true,
            "accessors": [
              {
                "kind": "Accessor",
                "name": "Get",
                "printedName": "Get()",
                "children": [
                  {
                    "kind": "TypeNominal",
                    "name": "MPPositionPresenter",
                    "printedName": "MapsIndoorsCore.MPPositionPresenter",
                    "usr": "c:@M@MapsIndoorsCore@objc(pl)MPPositionPresenter"
                  }
                ],
                "declKind": "Accessor",
                "usr": "c:@M@MapsIndoors_GoogleMaps@objc(cs)GoogleMapProvider(im)positionPresenter",
                "mangledName": "$s018MapsIndoors_GoogleA00C11MapProviderC17positionPresenter0aB4Core010MPPositionG0_pvg",
                "moduleName": "MapsIndoors_GoogleMaps",
                "implicit": true,
                "objc_name": "positionPresenter",
                "declAttributes": [
                  "ObjC"
                ],
                "accessorKind": "get"
              },
              {
                "kind": "Accessor",
                "name": "Set",
                "printedName": "Set()",
                "children": [
                  {
                    "kind": "TypeNominal",
                    "name": "Void",
                    "printedName": "()"
                  },
                  {
                    "kind": "TypeNominal",
                    "name": "MPPositionPresenter",
                    "printedName": "MapsIndoorsCore.MPPositionPresenter",
                    "usr": "c:@M@MapsIndoorsCore@objc(pl)MPPositionPresenter"
                  }
                ],
                "declKind": "Accessor",
                "usr": "c:@M@MapsIndoors_GoogleMaps@objc(cs)GoogleMapProvider(im)setPositionPresenter:",
                "mangledName": "$s018MapsIndoors_GoogleA00C11MapProviderC17positionPresenter0aB4Core010MPPositionG0_pvs",
                "moduleName": "MapsIndoors_GoogleMaps",
                "implicit": true,
                "declAttributes": [
                  "ObjC"
                ],
                "accessorKind": "set"
              },
              {
                "kind": "Accessor",
                "name": "Modify",
                "printedName": "Modify()",
                "children": [
                  {
                    "kind": "TypeNominal",
                    "name": "Void",
                    "printedName": "()"
                  }
                ],
                "declKind": "Accessor",
                "usr": "s:018MapsIndoors_GoogleA00C11MapProviderC17positionPresenter0aB4Core010MPPositionG0_pvM",
                "mangledName": "$s018MapsIndoors_GoogleA00C11MapProviderC17positionPresenter0aB4Core010MPPositionG0_pvM",
                "moduleName": "MapsIndoors_GoogleMaps",
                "implicit": true,
                "accessorKind": "_modify"
              }
            ]
          },
          {
            "kind": "Var",
            "name": "utils",
            "printedName": "utils",
            "children": [
              {
                "kind": "TypeNominal",
                "name": "MPUtils",
                "printedName": "MapsIndoorsCore.MPUtils",
                "usr": "c:@M@MapsIndoorsCore@objc(pl)MPUtils"
              }
            ],
            "declKind": "Var",
            "usr": "c:@M@MapsIndoors_GoogleMaps@objc(cs)GoogleMapProvider(py)utils",
            "mangledName": "$s018MapsIndoors_GoogleA00C11MapProviderC5utils0aB4Core7MPUtils_pvp",
            "moduleName": "MapsIndoors_GoogleMaps",
            "objc_name": "utils",
            "declAttributes": [
              "ObjC",
              "AccessControl"
            ],
            "accessors": [
              {
                "kind": "Accessor",
                "name": "Get",
                "printedName": "Get()",
                "children": [
                  {
                    "kind": "TypeNominal",
                    "name": "MPUtils",
                    "printedName": "MapsIndoorsCore.MPUtils",
                    "usr": "c:@M@MapsIndoorsCore@objc(pl)MPUtils"
                  }
                ],
                "declKind": "Accessor",
                "usr": "c:@M@MapsIndoors_GoogleMaps@objc(cs)GoogleMapProvider(im)utils",
                "mangledName": "$s018MapsIndoors_GoogleA00C11MapProviderC5utils0aB4Core7MPUtils_pvg",
                "moduleName": "MapsIndoors_GoogleMaps",
                "objc_name": "utils",
                "declAttributes": [
                  "ObjC"
                ],
                "accessorKind": "get"
              }
            ]
          },
          {
            "kind": "Var",
            "name": "cameraPosition",
            "printedName": "cameraPosition",
            "children": [
              {
                "kind": "TypeNominal",
                "name": "MPCameraPosition",
                "printedName": "MapsIndoorsCore.MPCameraPosition",
                "usr": "c:@M@MapsIndoorsCore@objc(pl)MPCameraPosition"
              }
            ],
            "declKind": "Var",
            "usr": "c:@M@MapsIndoors_GoogleMaps@objc(cs)GoogleMapProvider(py)cameraPosition",
            "mangledName": "$s018MapsIndoors_GoogleA00C11MapProviderC14cameraPosition0aB4Core08MPCameraG0_pvp",
            "moduleName": "MapsIndoors_GoogleMaps",
            "declAttributes": [
              "HasStorage",
              "AccessControl",
              "ObjC"
            ],
            "hasStorage": true,
            "accessors": [
              {
                "kind": "Accessor",
                "name": "Get",
                "printedName": "Get()",
                "children": [
                  {
                    "kind": "TypeNominal",
                    "name": "MPCameraPosition",
                    "printedName": "MapsIndoorsCore.MPCameraPosition",
                    "usr": "c:@M@MapsIndoorsCore@objc(pl)MPCameraPosition"
                  }
                ],
                "declKind": "Accessor",
                "usr": "c:@M@MapsIndoors_GoogleMaps@objc(cs)GoogleMapProvider(im)cameraPosition",
                "mangledName": "$s018MapsIndoors_GoogleA00C11MapProviderC14cameraPosition0aB4Core08MPCameraG0_pvg",
                "moduleName": "MapsIndoors_GoogleMaps",
                "implicit": true,
                "declAttributes": [
                  "ObjC"
                ],
                "accessorKind": "get"
              },
              {
                "kind": "Accessor",
                "name": "Set",
                "printedName": "Set()",
                "children": [
                  {
                    "kind": "TypeNominal",
                    "name": "Void",
                    "printedName": "()"
                  },
                  {
                    "kind": "TypeNominal",
                    "name": "MPCameraPosition",
                    "printedName": "MapsIndoorsCore.MPCameraPosition",
                    "usr": "c:@M@MapsIndoorsCore@objc(pl)MPCameraPosition"
                  }
                ],
                "declKind": "Accessor",
                "usr": "c:@M@MapsIndoors_GoogleMaps@objc(cs)GoogleMapProvider(im)setCameraPosition:",
                "mangledName": "$s018MapsIndoors_GoogleA00C11MapProviderC14cameraPosition0aB4Core08MPCameraG0_pvs",
                "moduleName": "MapsIndoors_GoogleMaps",
                "implicit": true,
                "declAttributes": [
                  "ObjC"
                ],
                "accessorKind": "set"
              },
              {
                "kind": "Accessor",
                "name": "Modify",
                "printedName": "Modify()",
                "children": [
                  {
                    "kind": "TypeNominal",
                    "name": "Void",
                    "printedName": "()"
                  }
                ],
                "declKind": "Accessor",
                "usr": "s:018MapsIndoors_GoogleA00C11MapProviderC14cameraPosition0aB4Core08MPCameraG0_pvM",
                "mangledName": "$s018MapsIndoors_GoogleA00C11MapProviderC14cameraPosition0aB4Core08MPCameraG0_pvM",
                "moduleName": "MapsIndoors_GoogleMaps",
                "implicit": true,
                "accessorKind": "_modify"
              }
            ]
          },
          {
            "kind": "Constructor",
            "name": "init",
            "printedName": "init(mapView:googleApiKey:)",
            "children": [
              {
                "kind": "TypeNominal",
                "name": "GoogleMapProvider",
                "printedName": "MapsIndoors_GoogleMaps.GoogleMapProvider",
                "usr": "c:@M@MapsIndoors_GoogleMaps@objc(cs)GoogleMapProvider"
              },
              {
                "kind": "TypeNominal",
                "name": "GMSMapView",
                "printedName": "GoogleMaps.GMSMapView",
                "usr": "c:objc(cs)GMSMapView"
              },
              {
                "kind": "TypeNominal",
                "name": "Optional",
                "printedName": "Swift.String?",
                "children": [
                  {
                    "kind": "TypeNominal",
                    "name": "String",
                    "printedName": "Swift.String",
                    "usr": "s:SS"
                  }
                ],
                "hasDefaultArg": true,
                "usr": "s:Sq"
              }
            ],
            "declKind": "Constructor",
            "usr": "c:@M@MapsIndoors_GoogleMaps@objc(cs)GoogleMapProvider(im)initWithMapView:googleApiKey:",
            "mangledName": "$s018MapsIndoors_GoogleA00C11MapProviderC7mapView12googleApiKeyACSo06GMSMapG0C_SSSgtcfc",
            "moduleName": "MapsIndoors_GoogleMaps",
            "declAttributes": [
              "AccessControl",
              "ObjC"
            ],
            "init_kind": "Designated"
          },
          {
            "kind": "Function",
            "name": "applyBundle",
            "printedName": "applyBundle(_:)",
            "children": [
              {
                "kind": "TypeNominal",
                "name": "Void",
                "printedName": "()"
              },
              {
                "kind": "TypeNominal",
                "name": "Bundle",
                "printedName": "Foundation.Bundle",
                "usr": "c:objc(cs)NSBundle"
              }
            ],
            "declKind": "Func",
            "usr": "c:@M@MapsIndoors_GoogleMaps@objc(cs)GoogleMapProvider(im)applyBundle:",
            "mangledName": "$s018MapsIndoors_GoogleA00C11MapProviderC11applyBundleyySo8NSBundleCF",
            "moduleName": "MapsIndoors_GoogleMaps",
            "objc_name": "applyBundle:",
            "declAttributes": [
              "ObjC",
              "AccessControl"
            ],
            "funcSelfKind": "NonMutating"
          },
          {
            "kind": "Function",
            "name": "setViewModels",
            "printedName": "setViewModels(producer:)",
            "children": [
              {
                "kind": "TypeNominal",
                "name": "Void",
                "printedName": "()"
              },
              {
                "kind": "TypeNominal",
                "name": "MPViewModelProducer",
                "printedName": "MapsIndoorsCore.MPViewModelProducer",
                "usr": "c:@M@MapsIndoorsCore@objc(cs)MPViewModelProducer"
              }
            ],
            "declKind": "Func",
            "usr": "c:@M@MapsIndoors_GoogleMaps@objc(cs)GoogleMapProvider(im)setViewModelsWithProducer:",
            "mangledName": "$s018MapsIndoors_GoogleA00C11MapProviderC13setViewModels8producery0aB4Core19MPViewModelProducerC_tF",
            "moduleName": "MapsIndoors_GoogleMaps",
            "objc_name": "setViewModelsWithProducer:",
            "declAttributes": [
              "ObjC",
              "AccessControl"
            ],
            "funcSelfKind": "NonMutating"
          },
          {
            "kind": "Var",
            "name": "view",
            "printedName": "view",
            "children": [
              {
                "kind": "TypeNominal",
                "name": "Optional",
                "printedName": "UIKit.UIView?",
                "children": [
                  {
                    "kind": "TypeNominal",
                    "name": "UIView",
                    "printedName": "UIKit.UIView",
                    "usr": "c:objc(cs)UIView"
                  }
                ],
                "usr": "s:Sq"
              }
            ],
            "declKind": "Var",
            "usr": "c:@M@MapsIndoors_GoogleMaps@objc(cs)GoogleMapProvider(py)view",
            "mangledName": "$s018MapsIndoors_GoogleA00C11MapProviderC4viewSo6UIViewCSgvp",
            "moduleName": "MapsIndoors_GoogleMaps",
            "objc_name": "view",
            "declAttributes": [
              "ObjC",
              "AccessControl"
            ],
            "accessors": [
              {
                "kind": "Accessor",
                "name": "Get",
                "printedName": "Get()",
                "children": [
                  {
                    "kind": "TypeNominal",
                    "name": "Optional",
                    "printedName": "UIKit.UIView?",
                    "children": [
                      {
                        "kind": "TypeNominal",
                        "name": "UIView",
                        "printedName": "UIKit.UIView",
                        "usr": "c:objc(cs)UIView"
                      }
                    ],
                    "usr": "s:Sq"
                  }
                ],
                "declKind": "Accessor",
                "usr": "c:@M@MapsIndoors_GoogleMaps@objc(cs)GoogleMapProvider(im)view",
                "mangledName": "$s018MapsIndoors_GoogleA00C11MapProviderC4viewSo6UIViewCSgvg",
                "moduleName": "MapsIndoors_GoogleMaps",
                "objc_name": "view",
                "declAttributes": [
                  "ObjC"
                ],
                "accessorKind": "get"
              }
            ]
          },
          {
            "kind": "Var",
            "name": "MPaccessibilityElementsHidden",
            "printedName": "MPaccessibilityElementsHidden",
            "children": [
              {
                "kind": "TypeNominal",
                "name": "Bool",
                "printedName": "Swift.Bool",
                "usr": "s:Sb"
              }
            ],
            "declKind": "Var",
            "usr": "c:@M@MapsIndoors_GoogleMaps@objc(cs)GoogleMapProvider(py)MPaccessibilityElementsHidden",
            "mangledName": "$s018MapsIndoors_GoogleA00C11MapProviderC29MPaccessibilityElementsHiddenSbvp",
            "moduleName": "MapsIndoors_GoogleMaps",
            "objc_name": "MPaccessibilityElementsHidden",
            "declAttributes": [
              "ObjC",
              "AccessControl"
            ],
            "accessors": [
              {
                "kind": "Accessor",
                "name": "Get",
                "printedName": "Get()",
                "children": [
                  {
                    "kind": "TypeNominal",
                    "name": "Bool",
                    "printedName": "Swift.Bool",
                    "usr": "s:Sb"
                  }
                ],
                "declKind": "Accessor",
                "usr": "c:@M@MapsIndoors_GoogleMaps@objc(cs)GoogleMapProvider(im)MPaccessibilityElementsHidden",
                "mangledName": "$s018MapsIndoors_GoogleA00C11MapProviderC29MPaccessibilityElementsHiddenSbvg",
                "moduleName": "MapsIndoors_GoogleMaps",
                "objc_name": "MPaccessibilityElementsHidden",
                "declAttributes": [
                  "ObjC"
                ],
                "accessorKind": "get"
              },
              {
                "kind": "Accessor",
                "name": "Set",
                "printedName": "Set()",
                "children": [
                  {
                    "kind": "TypeNominal",
                    "name": "Void",
                    "printedName": "()"
                  },
                  {
                    "kind": "TypeNominal",
                    "name": "Bool",
                    "printedName": "Swift.Bool",
                    "usr": "s:Sb"
                  }
                ],
                "declKind": "Accessor",
                "usr": "c:@M@MapsIndoors_GoogleMaps@objc(cs)GoogleMapProvider(im)setMPaccessibilityElementsHidden:",
                "mangledName": "$s018MapsIndoors_GoogleA00C11MapProviderC29MPaccessibilityElementsHiddenSbvs",
                "moduleName": "MapsIndoors_GoogleMaps",
                "objc_name": "setMPaccessibilityElementsHidden:",
                "declAttributes": [
                  "ObjC"
                ],
                "accessorKind": "set"
              },
              {
                "kind": "Accessor",
                "name": "Modify",
                "printedName": "Modify()",
                "children": [
                  {
                    "kind": "TypeNominal",
                    "name": "Void",
                    "printedName": "()"
                  }
                ],
                "declKind": "Accessor",
                "usr": "s:018MapsIndoors_GoogleA00C11MapProviderC29MPaccessibilityElementsHiddenSbvM",
                "mangledName": "$s018MapsIndoors_GoogleA00C11MapProviderC29MPaccessibilityElementsHiddenSbvM",
                "moduleName": "MapsIndoors_GoogleMaps",
                "implicit": true,
                "accessorKind": "_modify"
              }
            ]
          },
          {
            "kind": "Var",
            "name": "padding",
            "printedName": "padding",
            "children": [
              {
                "kind": "TypeNominal",
                "name": "UIEdgeInsets",
                "printedName": "UIKit.UIEdgeInsets",
                "usr": "c:@S@UIEdgeInsets"
              }
            ],
            "declKind": "Var",
            "usr": "c:@M@MapsIndoors_GoogleMaps@objc(cs)GoogleMapProvider(py)padding",
            "mangledName": "$s018MapsIndoors_GoogleA00C11MapProviderC7paddingSo12UIEdgeInsetsVvp",
            "moduleName": "MapsIndoors_GoogleMaps",
            "objc_name": "padding",
            "declAttributes": [
              "ObjC",
              "AccessControl"
            ],
            "accessors": [
              {
                "kind": "Accessor",
                "name": "Get",
                "printedName": "Get()",
                "children": [
                  {
                    "kind": "TypeNominal",
                    "name": "UIEdgeInsets",
                    "printedName": "UIKit.UIEdgeInsets",
                    "usr": "c:@S@UIEdgeInsets"
                  }
                ],
                "declKind": "Accessor",
                "usr": "c:@M@MapsIndoors_GoogleMaps@objc(cs)GoogleMapProvider(im)padding",
                "mangledName": "$s018MapsIndoors_GoogleA00C11MapProviderC7paddingSo12UIEdgeInsetsVvg",
                "moduleName": "MapsIndoors_GoogleMaps",
                "objc_name": "padding",
                "declAttributes": [
                  "ObjC"
                ],
                "accessorKind": "get"
              },
              {
                "kind": "Accessor",
                "name": "Set",
                "printedName": "Set()",
                "children": [
                  {
                    "kind": "TypeNominal",
                    "name": "Void",
                    "printedName": "()"
                  },
                  {
                    "kind": "TypeNominal",
                    "name": "UIEdgeInsets",
                    "printedName": "UIKit.UIEdgeInsets",
                    "usr": "c:@S@UIEdgeInsets"
                  }
                ],
                "declKind": "Accessor",
                "usr": "c:@M@MapsIndoors_GoogleMaps@objc(cs)GoogleMapProvider(im)setPadding:",
                "mangledName": "$s018MapsIndoors_GoogleA00C11MapProviderC7paddingSo12UIEdgeInsetsVvs",
                "moduleName": "MapsIndoors_GoogleMaps",
                "objc_name": "setPadding:",
                "declAttributes": [
                  "ObjC"
                ],
                "accessorKind": "set"
              },
              {
                "kind": "Accessor",
                "name": "Modify",
                "printedName": "Modify()",
                "children": [
                  {
                    "kind": "TypeNominal",
                    "name": "Void",
                    "printedName": "()"
                  }
                ],
                "declKind": "Accessor",
                "usr": "s:018MapsIndoors_GoogleA00C11MapProviderC7paddingSo12UIEdgeInsetsVvM",
                "mangledName": "$s018MapsIndoors_GoogleA00C11MapProviderC7paddingSo12UIEdgeInsetsVvM",
                "moduleName": "MapsIndoors_GoogleMaps",
                "implicit": true,
                "accessorKind": "_modify"
              }
            ]
          },
          {
            "kind": "Constructor",
            "name": "init",
            "printedName": "init()",
            "children": [
              {
                "kind": "TypeNominal",
                "name": "GoogleMapProvider",
                "printedName": "MapsIndoors_GoogleMaps.GoogleMapProvider",
                "usr": "c:@M@MapsIndoors_GoogleMaps@objc(cs)GoogleMapProvider"
              }
            ],
            "declKind": "Constructor",
            "usr": "c:@M@MapsIndoors_GoogleMaps@objc(cs)GoogleMapProvider(im)init",
            "mangledName": "$s018MapsIndoors_GoogleA00C11MapProviderCACycfc",
            "moduleName": "MapsIndoors_GoogleMaps",
            "overriding": true,
            "implicit": true,
            "objc_name": "init",
            "declAttributes": [
              "Dynamic",
              "ObjC",
              "Override"
            ],
            "init_kind": "Designated"
          }
        ],
        "declKind": "Class",
        "usr": "c:@M@MapsIndoors_GoogleMaps@objc(cs)GoogleMapProvider",
        "mangledName": "$s018MapsIndoors_GoogleA00C11MapProviderC",
        "moduleName": "MapsIndoors_GoogleMaps",
        "declAttributes": [
          "AccessControl",
          "ObjCMembers",
          "ObjC"
        ],
        "superclassUsr": "c:objc(cs)NSObject",
        "superclassNames": [
          "ObjectiveC.NSObject"
        ],
        "conformances": [
          {
            "kind": "Conformance",
            "name": "MPMapProvider",
            "printedName": "MPMapProvider",
            "usr": "c:@M@MapsIndoorsCore@objc(pl)MPMapProvider",
            "mangledName": "$s15MapsIndoorsCore13MPMapProviderP"
          },
          {
            "kind": "Conformance",
            "name": "Equatable",
            "printedName": "Equatable",
            "usr": "s:SQ",
            "mangledName": "$sSQ"
          },
          {
            "kind": "Conformance",
            "name": "Hashable",
            "printedName": "Hashable",
            "usr": "s:SH",
            "mangledName": "$sSH"
          },
          {
            "kind": "Conformance",
            "name": "CVarArg",
            "printedName": "CVarArg",
            "usr": "s:s7CVarArgP",
            "mangledName": "$ss7CVarArgP"
          },
          {
            "kind": "Conformance",
            "name": "_KeyValueCodingAndObservingPublishing",
            "printedName": "_KeyValueCodingAndObservingPublishing",
            "usr": "s:10Foundation37_KeyValueCodingAndObservingPublishingP",
            "mangledName": "$s10Foundation37_KeyValueCodingAndObservingPublishingP"
          },
          {
            "kind": "Conformance",
            "name": "_KeyValueCodingAndObserving",
            "printedName": "_KeyValueCodingAndObserving",
            "usr": "s:10Foundation27_KeyValueCodingAndObservingP",
            "mangledName": "$s10Foundation27_KeyValueCodingAndObservingP"
          },
          {
            "kind": "Conformance",
            "name": "CustomStringConvertible",
            "printedName": "CustomStringConvertible",
            "usr": "s:s23CustomStringConvertibleP",
            "mangledName": "$ss23CustomStringConvertibleP"
          },
          {
            "kind": "Conformance",
            "name": "CustomDebugStringConvertible",
            "printedName": "CustomDebugStringConvertible",
            "usr": "s:s28CustomDebugStringConvertibleP",
            "mangledName": "$ss28CustomDebugStringConvertibleP"
          }
        ]
      },
      {
        "kind": "Import",
        "name": "Foundation",
        "printedName": "Foundation",
        "declKind": "Import",
        "moduleName": "MapsIndoors_GoogleMaps",
        "declAttributes": [
          "RawDocComment"
        ]
      },
      {
        "kind": "Import",
        "name": "GoogleMaps",
        "printedName": "GoogleMaps",
        "declKind": "Import",
        "moduleName": "MapsIndoors_GoogleMaps"
      },
      {
        "kind": "Import",
        "name": "MapsIndoorsCore",
        "printedName": "MapsIndoorsCore",
        "declKind": "Import",
        "moduleName": "MapsIndoors_GoogleMaps"
      },
      {
        "kind": "Import",
        "name": "Foundation",
        "printedName": "Foundation",
        "declKind": "Import",
        "moduleName": "MapsIndoors_GoogleMaps",
        "declAttributes": [
          "RawDocComment"
        ]
      },
      {
        "kind": "Import",
        "name": "MapsIndoorsCore",
        "printedName": "MapsIndoorsCore",
        "declKind": "Import",
        "moduleName": "MapsIndoors_GoogleMaps"
      },
      {
        "kind": "Import",
        "name": "GoogleMaps",
        "printedName": "GoogleMaps",
        "declKind": "Import",
        "moduleName": "MapsIndoors_GoogleMaps"
      },
      {
        "kind": "Import",
        "name": "ValueAnimator",
        "printedName": "ValueAnimator",
        "declKind": "Import",
        "moduleName": "MapsIndoors_GoogleMaps"
      },
      {
        "kind": "Import",
        "name": "MapsIndoors_GoogleMaps_Private",
        "printedName": "MapsIndoors_GoogleMaps_Private",
        "declKind": "Import",
        "moduleName": "MapsIndoors_GoogleMaps"
      },
      {
        "kind": "Import",
        "name": "Foundation",
        "printedName": "Foundation",
        "declKind": "Import",
        "moduleName": "MapsIndoors_GoogleMaps",
        "declAttributes": [
          "RawDocComment"
        ]
      },
      {
        "kind": "Import",
        "name": "GoogleMaps",
        "printedName": "GoogleMaps",
        "declKind": "Import",
        "moduleName": "MapsIndoors_GoogleMaps"
      },
      {
        "kind": "Import",
        "name": "MapsIndoorsCore",
        "printedName": "MapsIndoorsCore",
        "declKind": "Import",
        "moduleName": "MapsIndoors_GoogleMaps"
      },
      {
        "kind": "Import",
        "name": "MapsIndoorsCore_Private",
        "printedName": "MapsIndoorsCore_Private",
        "declKind": "Import",
        "moduleName": "MapsIndoors_GoogleMaps"
      }
    ],
    "json_format_version": 8
  },
  "ConstValues": [
    {
      "filePath": "\/Users\/ciuser\/builds\/hR_k36Qo\/0\/MapsIndoors\/SDK\/MISDKIOS\/Source\/Swift\/Private\/MapProvider\/GoogleMapProvider\/OverlapEngine.swift",
      "kind": "StringLiteral",
      "offset": 8596,
      "length": 5,
      "value": "\"MapsIndoors_GoogleMaps.Entry\""
    },
    {
      "filePath": "\/Users\/ciuser\/builds\/hR_k36Qo\/0\/MapsIndoors\/SDK\/MISDKIOS\/Source\/Swift\/Private\/MapProvider\/GoogleMapProvider\/GMMapConfig.swift",
      "kind": "StringLiteral",
      "offset": 252,
      "length": 11,
      "value": "\"MapsIndoors_GoogleMaps.GMMapConfig\""
    },
    {
      "filePath": "\/Users\/ciuser\/builds\/hR_k36Qo\/0\/MapsIndoors\/SDK\/MISDKIOS\/Source\/Swift\/Private\/MapProvider\/GoogleMapProvider\/ViewState.swift",
      "kind": "FloatLiteral",
      "offset": 1298,
      "length": 5,
      "value": "0.014"
    },
    {
      "filePath": "\/Users\/ciuser\/builds\/hR_k36Qo\/0\/MapsIndoors\/SDK\/MISDKIOS\/Source\/Swift\/Private\/MapProvider\/GoogleMapProvider\/ViewState.swift",
      "kind": "IntegerLiteral",
      "offset": 2404,
      "length": 3,
      "value": "100"
    },
    {
      "filePath": "\/Users\/ciuser\/builds\/hR_k36Qo\/0\/MapsIndoors\/SDK\/MISDKIOS\/Source\/Swift\/Private\/MapProvider\/GoogleMapProvider\/ViewState.swift",
      "kind": "BooleanLiteral",
      "offset": 2974,
      "length": 5,
      "value": "false"
    },
    {
      "filePath": "\/Users\/ciuser\/builds\/hR_k36Qo\/0\/MapsIndoors\/SDK\/MISDKIOS\/Source\/Swift\/Private\/MapProvider\/GoogleMapProvider\/ViewState.swift",
      "kind": "IntegerLiteral",
      "offset": 3497,
      "length": 7,
      "value": "1200000"
    },
    {
      "filePath": "\/Users\/ciuser\/builds\/hR_k36Qo\/0\/MapsIndoors\/SDK\/MISDKIOS\/Source\/Swift\/Private\/MapProvider\/GoogleMapProvider\/ViewState.swift",
      "kind": "FloatLiteral",
      "offset": 3679,
      "length": 3,
      "value": "0.0"
    },
    {
      "filePath": "\/Users\/ciuser\/builds\/hR_k36Qo\/0\/MapsIndoors\/SDK\/MISDKIOS\/Source\/Swift\/Private\/MapProvider\/GoogleMapProvider\/ViewState.swift",
      "kind": "BooleanLiteral",
      "offset": 3890,
      "length": 5,
      "value": "false"
    },
    {
      "filePath": "\/Users\/ciuser\/builds\/hR_k36Qo\/0\/MapsIndoors\/SDK\/MISDKIOS\/Source\/Swift\/Private\/MapProvider\/GoogleMapProvider\/ViewState.swift",
      "kind": "FloatLiteral",
      "offset": 7385,
      "length": 3,
      "value": "0.0"
    },
    {
      "filePath": "\/Users\/ciuser\/builds\/hR_k36Qo\/0\/MapsIndoors\/SDK\/MISDKIOS\/Source\/Swift\/Private\/MapProvider\/GoogleMapProvider\/ViewState.swift",
      "kind": "FloatLiteral",
      "offset": 7484,
      "length": 3,
      "value": "0.0"
    },
    {
      "filePath": "\/Users\/ciuser\/builds\/hR_k36Qo\/0\/MapsIndoors\/SDK\/MISDKIOS\/Source\/Swift\/Private\/MapProvider\/GoogleMapProvider\/ViewState.swift",
      "kind": "FloatLiteral",
      "offset": 9661,
      "length": 3,
      "value": "0.0"
    },
    {
      "filePath": "\/Users\/ciuser\/builds\/hR_k36Qo\/0\/MapsIndoors\/SDK\/MISDKIOS\/Source\/Swift\/Private\/MapProvider\/GoogleMapProvider\/ViewState.swift",
      "kind": "StringLiteral",
      "offset": 16494,
      "length": 6,
      "value": "\"noId\""
    },
    {
      "filePath": "\/Users\/ciuser\/builds\/hR_k36Qo\/0\/MapsIndoors\/SDK\/MISDKIOS\/Source\/Swift\/Private\/MapProvider\/GoogleMapProvider\/ViewState.swift",
      "kind": "IntegerLiteral",
      "offset": 28251,
      "length": 1,
      "value": "2"
    },
    {
      "filePath": "\/Users\/ciuser\/builds\/hR_k36Qo\/0\/MapsIndoors\/SDK\/MISDKIOS\/Source\/Swift\/Private\/MapProvider\/GoogleMapProvider\/ViewState.swift",
      "kind": "IntegerLiteral",
      "offset": 28275,
      "length": 1,
      "value": "8"
    },
    {
      "filePath": "\/Users\/ciuser\/builds\/hR_k36Qo\/0\/MapsIndoors\/SDK\/MISDKIOS\/Source\/Swift\/Private\/MapProvider\/GoogleMapProvider\/ViewState.swift",
      "kind": "IntegerLiteral",
      "offset": 28300,
      "length": 1,
      "value": "1"
    },
    {
      "filePath": "\/Users\/ciuser\/builds\/hR_k36Qo\/0\/MapsIndoors\/SDK\/MISDKIOS\/Source\/Swift\/Private\/MapProvider\/GoogleMapProvider\/GMTileProvider.swift",
      "kind": "StringLiteral",
      "offset": 235,
      "length": 14,
      "value": "\"MapsIndoors_GoogleMaps.GMTileProvider\""
    },
    {
      "filePath": "\/Users\/ciuser\/builds\/hR_k36Qo\/0\/MapsIndoors\/SDK\/MISDKIOS\/Source\/Swift\/Private\/MapProvider\/GoogleMapProvider\/Renderer.swift",
      "kind": "StringLiteral",
      "offset": 316,
      "length": 25,
      "value": "\"mapsindoors.renderqueue\""
    },
    {
      "filePath": "\/Users\/ciuser\/builds\/hR_k36Qo\/0\/MapsIndoors\/SDK\/MISDKIOS\/Source\/Swift\/Private\/MapProvider\/GoogleMapProvider\/GMPositionPresenter.swift",
      "kind": "BooleanLiteral",
      "offset": 361,
      "length": 5,
      "value": "false"
    },
    {
      "filePath": "\/Users\/ciuser\/builds\/hR_k36Qo\/0\/MapsIndoors\/SDK\/MISDKIOS\/Source\/Swift\/Private\/MapProvider\/GoogleMapProvider\/GMPositionPresenter.swift",
      "kind": "BooleanLiteral",
      "offset": 569,
      "length": 5,
      "value": "false"
    },
    {
      "filePath": "\/Users\/ciuser\/builds\/hR_k36Qo\/0\/MapsIndoors\/SDK\/MISDKIOS\/Source\/Swift\/Private\/MapProvider\/GoogleMapProvider\/GMPositionPresenter.swift",
      "kind": "BooleanLiteral",
      "offset": 617,
      "length": 4,
      "value": "true"
    },
    {
      "filePath": "\/Users\/ciuser\/builds\/hR_k36Qo\/0\/MapsIndoors\/SDK\/MISDKIOS\/Source\/Swift\/Private\/MapProvider\/GoogleMapProvider\/GMPositionPresenter.swift",
      "kind": "BooleanLiteral",
      "offset": 664,
      "length": 4,
      "value": "true"
    },
    {
      "filePath": "\/Users\/ciuser\/builds\/hR_k36Qo\/0\/MapsIndoors\/SDK\/MISDKIOS\/Source\/Swift\/Private\/MapProvider\/GoogleMapProvider\/GMPositionPresenter.swift",
      "kind": "StringLiteral",
      "offset": 274,
      "length": 19,
      "value": "\"MapsIndoors_GoogleMaps.GMPositionPresenter\""
    },
    {
      "filePath": "\/Users\/ciuser\/builds\/hR_k36Qo\/0\/MapsIndoors\/SDK\/MISDKIOS\/Source\/Swift\/Private\/MapProvider\/GoogleMapProvider\/GoogleMapProvider.swift",
      "kind": "StringLiteral",
      "offset": 294,
      "length": 17,
      "value": "\"MapsIndoors_GoogleMaps.GoogleMapProvider\""
    },
    {
      "filePath": "\/Users\/ciuser\/builds\/hR_k36Qo\/0\/MapsIndoors\/SDK\/MISDKIOS\/Source\/Swift\/Private\/MapProvider\/GoogleMapProvider\/GMRouteRenderer.swift",
      "kind": "FloatLiteral",
      "offset": 787,
      "length": 3,
      "value": "3.0"
    },
    {
      "filePath": "\/Users\/ciuser\/builds\/hR_k36Qo\/0\/MapsIndoors\/SDK\/MISDKIOS\/Source\/Swift\/Private\/MapProvider\/GoogleMapProvider\/GMTileLayer.swift",
      "kind": "StringLiteral",
      "offset": 263,
      "length": 11,
      "value": "\"MapsIndoors_GoogleMaps.GMTileLayer\""
    }
  ]
}